cust_id,first_name,last_name,dob,gender,email,phone,address,city,state,zip,country,created_date
CB001,John,Smith,1985-03-12,M,john.smith@email.com,+1-555-0101,12 Maple St,New York,NY,10001,USA,2018-01-15
CB002,Jane,Doe,1990-07-24,F,jane.doe@email.com,+1-555-0102,45 Oak Ave,Los Angeles,CA,90001,USA,2019-03-22
CB003,Robert,Johnson,1978-11-05,M,rob.johnson@email.com,+1-555-0103,78 Pine Rd,Chicago,IL,60601,USA,2017-06-10
CB004,Emily,Davis,1992-04-18,F,emily.davis@email.com,+1-555-0104,23 Elm St,Houston,TX,77001,USA,2020-09-05
CB005,Michael,Brown,1983-09-30,M,m.brown@email.com,+1-555-0105,90 Cedar Blvd,Phoenix,AZ,85001,USA,2016-12-01
CB006,Sarah,Wilson,1995-01-07,F,sarah.w@email.com,+1-555-0106,55 Birch Ln,Philadelphia,PA,19101,USA,2021-02-14
CB007,David,Martinez,1970-06-22,M,d.martinez@email.com,+1-555-0107,101 Walnut Dr,San Antonio,TX,78201,USA,2015-08-30
CB008,Lisa,Anderson,1988-12-15,F,lisa.anderson@email.com,+1-555-0108,67 Spruce Way,San Diego,CA,92101,USA,2018-11-20
CB009,James,Taylor,1975-08-03,M,james.t@email.com,+1-555-0109,34 Willow Ct,Dallas,TX,75201,USA,2014-04-17
CB010,Patricia,Thomas,1993-05-29,F,p.thomas@email.com,+1-555-0110,88 Ash Pl,San Jose,CA,95101,USA,2022-07-08
CB011,Jon,Smyth,1985-03-12,M,johnsmith85@gmail.com,+1-555-0101,12 Maple Street,New York,NY,10001,USA,2019-06-01
CB012,William,Jackson,1980-02-14,M,will.jackson@email.com,+1-555-0112,19 Poplar Ave,Austin,TX,73301,USA,2017-03-25
CB013,Barbara,White,1968-10-11,F,barb.white@email.com,+1-555-0113,44 Magnolia St,Jacksonville,FL,32099,USA,2016-01-09
CB014,Charles,Harris,1991-07-16,M,c.harris@email.com,+1-555-0114,72 Hickory Rd,Fort Worth,TX,76101,USA,2020-05-30
CB015,Susan,Martin,1987-03-28,F,susan.martin@email.com,+1-555-0115,15 Chestnut Blvd,Columbus,OH,43085,USA,2019-09-12
CB016,Joseph,Garcia,1976-09-04,M,joe.garcia@email.com,+1-555-0116,38 Sycamore Dr,Charlotte,NC,28201,USA,2015-11-03
CB017,Karen,Miller,1994-12-22,F,karen.miller@email.com,+1-555-0117,61 Redwood Ln,Indianapolis,IN,46201,USA,2021-04-19
CB018,Thomas,Lee,1982-06-09,M,thomas.lee@email.com,+1-555-0118,93 Sequoia Way,San Francisco,CA,94101,USA,2018-08-27
CB019,Nancy,Clark,1971-01-31,F,nancy.clark@email.com,+1-555-0119,27 Juniper Ct,Seattle,WA,98101,USA,2013-12-05
CB020,Daniel,Robinson,1989-04-06,M,dan.robinson@email.com,+1-555-0120,50 Cypress Pl,Denver,CO,80201,USA,2020-02-18
