incoming_source,incoming_source_id,matched_golden_id,match_method,confidence_score
core_banking,CB011,GC-00001,fuzzy_name_dob,0.8286
credit_card,CC-10045,GC-00001,email_match,1.0
credit_card,CC-10046,GC-00002,email_match,1.0
credit_card,CC-10047,GC-00004,email_match,1.0
credit_card,CC-10048,GC-00005,email_match,1.0
credit_card,CC-10049,GC-00006,email_match,1.0
credit_card,CC-10050,GC-00007,email_match,1.0
credit_card,CC-10051,GC-00008,email_match,1.0
credit_card,CC-10052,GC-00011,email_match,1.0
credit_card,CC-10053,GC-00012,email_match,1.0
credit_card,CC-10054,GC-00013,email_match,1.0
credit_card,CC-10055,GC-00016,email_match,1.0
credit_card,CC-10056,GC-00017,email_match,1.0
credit_card,CC-10057,GC-00018,email_match,1.0
credit_card,CC-10058,GC-00019,email_match,1.0
credit_card,CC-10060,GC-00010,email_match,1.0
credit_card,CC-10061,GC-00015,email_match,1.0
credit_card,CC-10062,GC-00003,email_match,1.0
credit_card,CC-10063,GC-00014,email_match,1.0
credit_card,CC-10064,GC-00009,email_match,1.0
mortgage,MG-2001,GC-00001,email_match,1.0
mortgage,MG-2002,GC-00003,email_match,1.0
mortgage,MG-2003,GC-00004,email_match,1.0
mortgage,MG-2004,GC-00007,email_match,1.0
mortgage,MG-2005,GC-00008,email_match,1.0
mortgage,MG-2006,GC-00009,email_match,1.0
mortgage,MG-2007,GC-00011,email_match,1.0
mortgage,MG-2008,GC-00013,email_match,1.0
mortgage,MG-2009,GC-00017,email_match,1.0
mortgage,MG-2010,GC-00019,email_match,1.0
mortgage,MG-2011,GC-00020,email_match,1.0
mortgage,MG-2012,GC-00018,email_match,1.0
mortgage,MG-2013,GC-00014,email_match,1.0
mortgage,MG-2014,GC-00016,email_match,1.0
mortgage,MG-2015,GC-00015,email_match,1.0
mortgage,MG-2016,GC-00012,email_match,1.0
mortgage,MG-2017,GC-00005,email_match,1.0
mortgage,MG-2018,GC-00010,email_match,1.0
mortgage,MG-2019,GC-00002,email_match,1.0
mortgage,MG-2020,GC-00006,email_match,1.0
