golden_id,first_name,last_name,dob,gender,email,phone,address,city,state,zip,country,cb_id,cc_id,mg_id,has_core_banking,has_credit_card,has_mortgage,match_method,confidence_score,is_duplicate_flag,created_at,updated_at
GC-00001,John,Smith,1985-03-12,M,john.smith@email.com,15550101,12 Maple St,New York,NY,10001,USA,CB011,CC-10045,MG-2001,True,True,True,email_match,0.8286,True,2026-09-28T11:59:25.126082Z,2026-09-28T11:59:25.126082Z
GC-00002,Jane,Doe,1990-07-24,F,jane.doe@email.com,15550102,45 Oak Ave,Los Angeles,CA,90001,USA,CB002,CC-10046,MG-2019,True,True,True,email_match,1.0,True,2026-09-28T11:59:25.126082Z,2026-09-28T11:59:25.126082Z
GC-00003,Robert,Johnson,1978-11-05,M,rob.johnson@email.com,15550103,78 Pine Rd,Chicago,IL,60601,USA,CB003,CC-10062,MG-2002,True,True,True,email_match,1.0,True,2026-09-28T11:59:25.126082Z,2026-09-28T11:59:25.126082Z
GC-00004,Emily,Davis,1992-04-18,F,emily.davis@email.com,15550104,23 Elm St,Houston,TX,77001,USA,CB004,CC-10047,MG-2003,True,True,True,email_match,1.0,True,2026-09-28T11:59:25.126082Z,2026-09-28T11:59:25.126082Z
GC-00005,Michael,Brown,1983-09-30,M,m.brown@email.com,15550105,90 Cedar Blvd,Phoenix,AZ,85001,USA,CB005,CC-10048,MG-2017,True,True,True,email_match,1.0,True,2026-09-28T11:59:25.126082Z,2026-09-28T11:59:25.126082Z
GC-00006,Sarah,Wilson,1995-01-07,F,sarah.w@email.com,15550106,55 Birch Ln,Philadelphia,PA,19101,USA,CB006,CC-10049,MG-2020,True,True,True,email_match,1.0,True,2026-09-28T11:59:25.126082Z,2026-09-28T11:59:25.126082Z
GC-00007,David,Martinez,1970-06-22,M,d.martinez@email.com,15550107,101 Walnut Dr,San Antonio,TX,78201,USA,CB007,CC-10050,MG-2004,True,True,True,email_match,1.0,True,2026-09-28T11:59:25.126082Z,2026-09-28T11:59:25.126082Z
GC-00008,Lisa,Anderson,1988-12-15,F,lisa.anderson@email.com,15550108,67 Spruce Way,San Diego,CA,92101,USA,CB008,CC-10051,MG-2005,True,True,True,email_match,1.0,True,2026-09-28T11:59:25.126082Z,2026-09-28T11:59:25.126082Z
GC-00009,James,Taylor,1975-08-03,M,james.t@email.com,15550109,34 Willow Ct,Dallas,TX,75201,USA,CB009,CC-10064,MG-2006,True,True,True,email_match,1.0,True,2026-09-28T11:59:25.126082Z,2026-09-28T11:59:25.126082Z
GC-00010,Patricia,Thomas,1993-05-29,F,p.thomas@email.com,15550110,88 Ash Pl,San Jose,CA,95101,USA,CB010,CC-10060,MG-2018,True,True,True,email_match,1.0,True,2026-09-28T11:59:25.126082Z,2026-09-28T11:59:25.126082Z
GC-00011,William,Jackson,1980-02-14,M,will.jackson@email.com,15550112,19 Poplar Ave,Austin,TX,73301,USA,CB012,CC-10052,MG-2007,True,True,True,email_match,1.0,True,2026-09-28T11:59:25.126082Z,2026-09-28T11:59:25.126082Z
GC-00012,Barbara,White,1968-10-11,F,barb.white@email.com,15550113,44 Magnolia St,Jacksonville,FL,32099,USA,CB013,CC-10053,MG-2016,True,True,True,email_match,1.0,True,2026-09-28T11:59:25.126082Z,2026-09-28T11:59:25.126082Z
GC-00013,Charles,Harris,1991-07-16,M,c.harris@email.com,15550114,72 Hickory Rd,Fort Worth,TX,76101,USA,CB014,CC-10054,MG-2008,True,True,True,email_match,1.0,True,2026-09-28T11:59:25.126082Z,2026-09-28T11:59:25.126082Z
GC-00014,Susan,Martin,1987-03-28,F,susan.martin@email.com,15550115,15 Chestnut Blvd,Columbus,OH,43085,USA,CB015,CC-10063,MG-2013,True,True,True,email_match,1.0,True,2026-09-28T11:59:25.126082Z,2026-09-28T11:59:25.126082Z
GC-00015,Joseph,Garcia,1976-09-04,M,joe.garcia@email.com,15550116,38 Sycamore Dr,Charlotte,NC,28201,USA,CB016,CC-10061,MG-2015,True,True,True,email_match,1.0,True,2026-09-28T11:59:25.126082Z,2026-09-28T11:59:25.126082Z
GC-00016,Karen,Miller,1994-12-22,F,karen.miller@email.com,15550117,61 Redwood Ln,Indianapolis,IN,46201,USA,CB017,CC-10055,MG-2014,True,True,True,email_match,1.0,True,2026-09-28T11:59:25.126082Z,2026-09-28T11:59:25.126082Z
GC-00017,Thomas,Lee,1982-06-09,M,thomas.lee@email.com,15550118,93 Sequoia Way,San Francisco,CA,94101,USA,CB018,CC-10056,MG-2009,True,True,True,email_match,1.0,True,2026-09-28T11:59:25.126082Z,2026-09-28T11:59:25.126082Z
GC-00018,Nancy,Clark,1971-01-31,F,nancy.clark@email.com,15550119,27 Juniper Ct,Seattle,WA,98101,USA,CB019,CC-10057,MG-2012,True,True,True,email_match,1.0,True,2026-09-28T11:59:25.126082Z,2026-09-28T11:59:25.126082Z
GC-00019,Daniel,Robinson,1989-04-06,M,dan.robinson@email.com,15550120,50 Cypress Pl,Denver,CO,80201,USA,CB020,CC-10058,MG-2010,True,True,True,email_match,1.0,True,2026-09-28T11:59:25.126082Z,2026-09-28T11:59:25.126082Z
GC-00020,J.,Smith,1985-03-12,M,johnsmith85@gmail.com,5550101,12 Maple Street,New York,NY,10001,USA,,CC-10059,MG-2011,False,True,True,email_match,1.0,True,2026-09-28T11:59:25.126082Z,2026-09-28T11:59:25.126082Z
